{
    "playerPosition": [
        19.01940155029297,
        0.4344902038574219,
        0.0
    ],
    "lastCheckpointID": 0
}